"study_id","site_id","latitude","longitude","startDate","endDate","refYear"
"Agustin_Saez_Rubus_idaeus_Argentina_2014","Arroyo Claro",-41.945183,-71.520683,"2014-01-01","2014-02-01","2014"
"Agustin_Saez_Rubus_idaeus_Argentina_2014","Miguel",-42.01035,-71.52805,"2014-01-01","2014-02-01","2014"
"Agustin_Saez_Rubus_idaeus_Argentina_2014","Marcelino",-42.115781,-71.43862,"2014-01-01","2014-02-01","2014"
"Agustin_Saez_Rubus_idaeus_Argentina_2014","Valle del Medio",-41.99975,-71.552483,"2014-01-01","2014-02-01","2014"
"Agustin_Saez_Rubus_idaeus_Argentina_2014","Omar",-42.125874,-71.42318,"2014-01-01","2014-02-01","2014"
"Agustin_Saez_Rubus_idaeus_Argentina_2014","El Inca",-41.895272,-71.549982,"2014-01-01","2014-02-01","2014"
"Agustin_Saez_Rubus_idaeus_Argentina_2014","Nelson",-41.924705,-71.514139,"2014-01-01","2014-02-01","2014"
"Agustin_Saez_Rubus_idaeus_Argentina_2014","CEPA",-42.114368,-71.560604,"2014-01-01","2014-02-01","2014"
"Agustin_Saez_Rubus_idaeus_Argentina_2014","Silva",-42.046983,-71.510317,"2014-01-01","2014-02-01","2014"
"Agustin_Saez_Rubus_idaeus_Argentina_2014","Andrea",-42.127667,-71.581217,"2014-01-01","2014-02-01","2014"
"Agustin_Saez_Rubus_idaeus_Argentina_2014","Ines",-42.066017,-71.504517,"2014-01-01","2014-02-01","2014"
"Agustin_Saez_Rubus_idaeus_Argentina_2014","Tranquerita",-42.095833,-71.518417,"2014-01-01","2014-02-01","2014"
"Agustin_Saez_Rubus_idaeus_Argentina_2014","Hernan",-41.902983,-71.536111,"2014-01-01","2014-02-01","2014"
"Agustin_Saez_Rubus_idaeus_Argentina_2014","El Chucao",-42.028397,-71.589024,"2014-01-01","2014-02-01","2014"
"Agustin_Saez_Rubus_idaeus_Argentina_2014","El Monje",-42.099967,-71.452717,"2014-01-01","2014-02-01","2014"
"Agustin_Saez_Rubus_idaeus_Argentina_2014","Las Acacias",-42.088268,-71.485892,"2014-01-01","2014-02-01","2014"
"Alexandra_Maria_Klein_Prunus_dulcis_USA_2008","Banes",38.9353685460705,-121.999833407943,"2008-02-01","2008-03-01","2008"
"Alexandra_Maria_Klein_Prunus_dulcis_USA_2008","Fullbelly",38.8700469835644,-122.230514053249,"2008-02-01","2008-02-01","2008"
"Alexandra_Maria_Klein_Prunus_dulcis_USA_2008","KB 1",39.0508200265341,-122.160076791978,"2008-02-01","2008-03-01","2008"
"Alexandra_Maria_Klein_Prunus_dulcis_USA_2008","KB 2",39.0833445470705,-122.179251071592,"2008-03-01","2008-03-01","2008"
"Alexandra_Maria_Klein_Prunus_dulcis_USA_2008","Lowrey",38.9033558925554,-122.241829261132,"2008-02-01","2008-02-01","2008"
"Alexandra_Maria_Klein_Prunus_dulcis_USA_2008","Nickels",38.96204762474,-122.075865193839,"2008-02-01","2008-03-01","2008"
"Alexandra_Maria_Klein_Prunus_dulcis_USA_2008","TMueller 1",38.7798940585472,-122.169675982595,"2008-03-01","2008-03-01","2008"
"Alexandra_Maria_Klein_Prunus_dulcis_USA_2008","TMueller 2",38.8108052061428,-122.18079576817,"2008-03-01","2008-03-01","2008"
"Alice_Classen_Coffea_arabica_Tanzania_2011_2012","HOM1",-3.185998687,37.25462826,"2011-10-01","2012-04-01","2012"
"Alice_Classen_Coffea_arabica_Tanzania_2011_2012","HOM2",-3.269033234,37.3091989,"2011-09-01","2012-03-01","2012"
"Alice_Classen_Coffea_arabica_Tanzania_2011_2012","HOM4",-3.33711016,37.49247115,"2011-10-01","2012-04-01","2012"
"Alice_Classen_Coffea_arabica_Tanzania_2011_2012","HOM5",-3.272943714,37.60442755,"2011-10-01","2012-04-01","2012"
"Ana_Montero_Castano_Vaccinium_corymbosum_Canada_2018","TNT",43.3824595871023,-80.8352397101721,"2018-07-01","2018-07-01","2018"
"Breno_M_Freitas_Gossypium_hirsutum_Brazil_2011","CO1",-4.71815719479257,-39.1890999605973,"2011-01-01","2011-12-01","2011"
"Breno_M_Freitas_Gossypium_hirsutum_Brazil_2011","CO2",-4.71949965671212,-39.1926115698978,"2011-01-01","2011-12-01","2011"
"Breno_M_Freitas_Malpighia_emarginata_Brazil_2011","AC1",-3.86851204744879,-41.0950445856371,"2011-01-01","2011-12-01","2011"
"Breno_M_Freitas_Malpighia_emarginata_Brazil_2011","AC2",-3.86857708983544,-41.0910500398361,"2011-01-01","2011-12-01","2011"
"Breno_M_Freitas_Malpighia_emarginata_Brazil_2011","AC3",-3.87555232634127,-41.0942535929857,"2011-01-01","2011-12-01","2011"
"Breno_M_Freitas_Malpighia_emarginata_Brazil_2011","AC4",-3.87497232087295,-41.0897092535491,"2011-01-01","2011-12-01","2011"
"Breno_M_Freitas_Malpighia_emarginata_Brazil_2011","AC5",-3.88347812767888,-41.1027280059606,"2011-01-01","2011-12-01","2011"
"Breno_M_Freitas_Malpighia_emarginata_Brazil_2011","AC6",-3.88320954005859,-41.0973211876112,"2011-01-01","2011-12-01","2011"
"Breno_M_Freitas_Malpighia_emarginata_Brazil_2011","AC7",-3.89134422754456,-41.1017708568167,"2011-01-01","2011-12-01","2011"
"Breno_M_Freitas_Malpighia_emarginata_Brazil_2011","AC8",-3.89318221580196,-41.0959875366017,"2011-01-01","2011-12-01","2011"
"Carlos_H_Vergara_Coffea_arabica_Mexico_2004","MIR1",19.2110667,-96.8997333,"2004-05-01","2004-05-01","2004"
"Carlos_H_Vergara_Coffea_arabica_Mexico_2004","MIR2",19.2135333,-96.8995167,"2004-05-01","2004-05-01","2004"
"Carlos_H_Vergara_Coffea_arabica_Mexico_2004","MIR3",19.2098833,-96.8965,"2004-05-01","2004-05-01","2004"
"Carlos_H_Vergara_Coffea_arabica_Mexico_2004","MIR4",19.2101167,-96.8876667,"2004-05-01","2004-05-01","2004"
"Charlie_Nicholson_Vaccinium_corymbosum_USA_2014","Nich_VTblu_Site_01",44.299605,-73.187766,"2014-05-01","2014-06-01","2014"
"Charlie_Nicholson_Vaccinium_corymbosum_USA_2015","Nich_VTblu_Site_01",44.299605,-73.187766,"2015-05-01","2015-05-01","2015"
"Charlie_Nicholson_Vaccinium_corymbosum_USA_2014","Nich_VTblu_Site_02",44.4010957014,-73.0691734064,"2014-05-01","2014-06-01","2014"
"Charlie_Nicholson_Vaccinium_corymbosum_USA_2015","Nich_VTblu_Site_02",44.4010957014,-73.0691734064,"2015-05-01","2015-06-01","2015"
"Charlie_Nicholson_Vaccinium_corymbosum_USA_2013","Nich_VTblu_Site_02",44.4010957014,-73.0691734064,"2013-05-01","2013-06-01","2013"
"Charlie_Nicholson_Vaccinium_corymbosum_USA_2014","Nich_VTblu_Site_03",44.5161895867,-72.9278982195,"2014-05-01","2014-06-01","2014"
"Charlie_Nicholson_Vaccinium_corymbosum_USA_2015","Nich_VTblu_Site_03",44.5161895867,-72.9278982195,"2015-05-01","2015-05-01","2015"
"Charlie_Nicholson_Vaccinium_corymbosum_USA_2013","Nich_VTblu_Site_03",44.5161895867,-72.9278982195,"2013-05-01","2013-06-01","2013"
"Charlie_Nicholson_Vaccinium_corymbosum_USA_2015","Nich_VTblu_Site_05",44.214885,-72.793697,"2015-05-01","2015-06-01","2015"
"Charlie_Nicholson_Vaccinium_corymbosum_USA_2014","Nich_VTblu_Site_06",44.3917677495,-73.0959985426,"2014-05-01","2014-06-01","2014"
"Charlie_Nicholson_Vaccinium_corymbosum_USA_2015","Nich_VTblu_Site_06",44.3917677495,-73.0959985426,"2015-05-01","2015-06-01","2015"
"Charlie_Nicholson_Vaccinium_corymbosum_USA_2013","Nich_VTblu_Site_06",44.3917677495,-73.0959985426,"2013-05-01","2013-06-01","2013"
"Charlie_Nicholson_Vaccinium_corymbosum_USA_2014","Nich_VTblu_Site_07",44.1900231201,-72.8462866788,"2014-05-01","2014-06-01","2014"
"Charlie_Nicholson_Vaccinium_corymbosum_USA_2015","Nich_VTblu_Site_07",44.1900231201,-72.8462866788,"2015-05-01","2015-06-01","2015"
"Charlie_Nicholson_Vaccinium_corymbosum_USA_2013","Nich_VTblu_Site_07",44.1900231201,-72.8462866788,"2013-05-01","2013-06-01","2013"
"Charlie_Nicholson_Vaccinium_corymbosum_USA_2014","Nich_VTblu_Site_09",44.1007070105,-73.0757323969,"2014-05-01","2014-06-01","2014"
"Charlie_Nicholson_Vaccinium_corymbosum_USA_2015","Nich_VTblu_Site_09",44.1007070105,-73.0757323969,"2015-05-01","2015-06-01","2015"
"Charlie_Nicholson_Vaccinium_corymbosum_USA_2013","Nich_VTblu_Site_09",44.1007070105,-73.0757323969,"2013-05-01","2013-06-01","2013"
"Charlie_Nicholson_Vaccinium_corymbosum_USA_2014","Nich_VTblu_Site_10",44.3688490193,-73.014138027,"2014-05-01","2014-06-01","2014"
"Charlie_Nicholson_Vaccinium_corymbosum_USA_2015","Nich_VTblu_Site_10",44.3688490193,-73.014138027,"2015-05-01","2015-06-01","2015"
"Charlie_Nicholson_Vaccinium_corymbosum_USA_2013","Nich_VTblu_Site_10",44.3688490193,-73.014138027,"2013-05-01","2013-06-01","2013"
"Charlie_Nicholson_Vaccinium_corymbosum_USA_2013","Nich_VTblu_Site_15",44.6131031472,-73.086652461,"2013-05-01","2013-06-01","2013"
"Claire_Kremen_Fragaria_ananassa_USA_2012","AR",36.3722,-121.51261,"2012-01-01","2012-12-01","2012"
"Claire_Kremen_Fragaria_ananassa_USA_2012","C",36.83217,-121.7667,"2012-01-01","2012-12-01","2012"
"Claire_Kremen_Fragaria_ananassa_USA_2012","CB",36.91617,-121.83333,"2012-01-01","2012-12-01","2012"
"Claire_Kremen_Fragaria_ananassa_USA_2012","DS",36.89917,-121.64,"2012-01-01","2012-12-01","2012"
"Claire_Kremen_Fragaria_ananassa_USA_2012","F",37.02467,-121.935,"2012-01-01","2012-12-01","2012"
"Claire_Kremen_Fragaria_ananassa_USA_2012","FE",36.8915,-121.745,"2012-01-01","2012-12-01","2012"
"Claire_Kremen_Fragaria_ananassa_USA_2012","LE",36.9815,-121.785,"2012-01-01","2012-12-01","2012"
"Claire_Kremen_Fragaria_ananassa_USA_2012","M",36.9445,-121.78667,"2012-01-01","2012-12-01","2012"
"Claire_Kremen_Fragaria_ananassa_USA_2012","RB",36.67833,-121.68667,"2012-01-01","2012-12-01","2012"
"Claire_Kremen_Fragaria_ananassa_USA_2012","RF",36.66467,-121.545,"2012-01-01","2012-12-01","2012"
"Claire_Kremen_Fragaria_ananassa_USA_2012","RH",36.89633,-121.77667,"2012-01-01","2012-12-01","2012"
"Claire_Kremen_Fragaria_ananassa_USA_2012","RK",36.9045,-121.82,"2012-01-01","2012-12-01","2012"
"Claire_Kremen_Fragaria_ananassa_USA_2012","S",36.98883,-122.145,"2012-01-01","2012-12-01","2012"
"Claire_Kremen_Fragaria_ananassa_USA_2012","SH",37.0605,-122.15667,"2012-01-01","2012-12-01","2012"
"Claire_Kremen_Fragaria_ananassa_USA_2012","TB",36.9025,-121.73333,"2012-01-01","2012-12-01","2012"
"Claire_Kremen_Fragaria_ananassa_USA_2012","UC",36.9835,-122.05667,"2012-01-01","2012-12-01","2012"
"David_Crowder_Fragaria_ananassa_USA_2016","site_3",47.57,-122.316,"2016-07-01","2016-08-01","2016"
"David_Crowder_Fragaria_ananassa_USA_2016","site_5",47.57,-122.316,"2016-07-01","2016-08-01","2016"
"David_Crowder_Fragaria_ananassa_USA_2016","site_6",47.057,-122.97,"2016-07-01","2016-08-01","2016"
"David_Crowder_Fragaria_ananassa_USA_2016","site_7",47.057,-122.97,"2016-07-01","2016-08-01","2016"
"David_Crowder_Fragaria_ananassa_USA_2016","site_8",47.678,-121.949,"2016-07-01","2016-08-01","2016"
"David_Crowder_Fragaria_ananassa_USA_2016","site_13",47.678,-121.949,"2016-07-01","2016-08-01","2016"
"David_Crowder_Fragaria_ananassa_USA_2016","site_18",47.063,-122.926,"2016-07-01","2016-08-01","2016"
"David_Crowder_Fragaria_ananassa_USA_2016","site_23",47.063,-122.926,"2016-07-01","2016-08-01","2016"
"David_Crowder_Fragaria_ananassa_USA_2016","site_24",48.543,-122.413,"2016-07-01","2016-08-01","2016"
"David_Crowder_Fragaria_ananassa_USA_2016","site_25",48.543,-122.413,"2016-07-01","2016-08-01","2016"
"David_Crowder_Fragaria_ananassa_USA_2016","site_26",47.562,-122.303,"2016-07-01","2016-08-01","2016"
"David_Crowder_Fragaria_ananassa_USA_2016","site_29",47.562,-122.303,"2016-07-01","2016-08-01","2016"
"David_Crowder_Fragaria_ananassa_USA_2016","site_30",47.543,-122.287,"2016-07-01","2016-08-01","2016"
"David_Crowder_Fragaria_ananassa_USA_2016","site_31",47.543,-122.287,"2016-07-01","2016-08-01","2016"
"David_Crowder_Fragaria_ananassa_USA_2016","site_34",47.671,-121.976,"2016-07-01","2016-08-01","2016"
"David_Crowder_Fragaria_ananassa_USA_2016","site_36",47.671,-121.976,"2016-07-01","2016-08-01","2016"
"Georg_Andersson_Brassica_rapa_Sweden_2010","1.1",55.981034,13.11472,"2010-06-01","2010-08-01","2010"
"Georg_Andersson_Brassica_rapa_Sweden_2010","2.1",56.20546,13.755509,"2010-06-01","2010-08-01","2010"
"Georg_Andersson_Brassica_rapa_Sweden_2010","2.4",55.937886,13.290105,"2010-06-01","2010-08-01","2010"
"Georg_Andersson_Brassica_rapa_Sweden_2010","2.4.2",55.773553,13.861608,"2010-06-01","2010-08-01","2010"
"Georg_Andersson_Brassica_rapa_Sweden_2010","4.1",55.506062,13.864372,"2010-06-01","2010-08-01","2010"
"Georg_Andersson_Brassica_rapa_Sweden_2010","4.1.2",55.635744,13.751394,"2010-06-01","2010-08-01","2010"
"Georg_Andersson_Brassica_rapa_Sweden_2010","4.4",55.83502,13.518199,"2010-06-01","2010-08-01","2010"
"Georg_Andersson_Brassica_rapa_Sweden_2010","5.4",55.402118,13.202387,"2010-06-01","2010-08-01","2010"
"Georg_Andersson_Fragaria_ananassa_Sweden_2009","4.1",55.506072,13.86448,"2009-06-01","2009-08-01","2009"
"Georg_Andersson_Fragaria_ananassa_Sweden_2009","4.2",55.738088,13.706308,"2009-06-01","2009-08-01","2009"
"Georg_Andersson_Fragaria_ananassa_Sweden_2009","4.3",55.562438,13.362367,"2009-06-01","2009-08-01","2009"
"Georg_Andersson_Fragaria_ananassa_Sweden_2009","4.4",55.835013,13.518487,"2009-06-01","2009-08-01","2009"
"Georg_Andersson_Fragaria_ananassa_Sweden_2009","5.1",55.426812,13.424667,"2009-06-01","2009-08-01","2009"
"Georg_Andersson_Fragaria_ananassa_Sweden_2009","5.2",55.88873,13.318122,"2009-06-01","2009-08-01","2009"
"Georg_Andersson_Fragaria_ananassa_Sweden_2009","5.3",55.63207,13.312453,"2009-06-01","2009-08-01","2009"
"Georg_Andersson_Fragaria_ananassa_Sweden_2009","5.4",55.403555,13.202297,"2009-06-01","2009-08-01","2009"
"Guiomar_Nates_Parra_Vaccinium_meridionale_Colombia_2013","CASTELLANOS",5.531797,-73.729151,"2013-07-01","2013-08-01","2013"
"Guiomar_Nates_Parra_Vaccinium_meridionale_Colombia_2013","GONZALEZ",5.571607,-73.7379,"2013-09-01","2013-10-01","2013"
"Guiomar_Nates_Parra_Vaccinium_meridionale_Colombia_2013","JIMENEZ",5.554149,-73.724777,"2013-09-01","2013-10-01","2013"
"Guiomar_Nates_Parra_Vaccinium_meridionale_Colombia_2013","PENA",5.628739,-73.727764,"2013-09-01","2013-10-01","2013"
"Guiomar_Nates_Parra_Vaccinium_meridionale_Colombia_2013","SIERRA",5.458649,-73.664724,"2013-09-01","2013-10-01","2013"
"Heather_Lee_Grab_Fragaria_ananassa_USA_2012","BH",42.60400615,-76.85941013,"2012-05-01","2012-06-01","2012"
"Heather_Lee_Grab_Fragaria_ananassa_USA_2012","BS",42.51115215,-76.35759499,"2012-05-01","2012-06-01","2012"
"Heather_Lee_Grab_Fragaria_ananassa_USA_2012","BT",42.61117409,-76.30619018,"2012-05-01","2012-06-01","2012"
"Heather_Lee_Grab_Fragaria_ananassa_USA_2012","ELD",42.97335154,-76.49481728,"2012-05-01","2012-06-01","2012"
"Heather_Lee_Grab_Fragaria_ananassa_USA_2012","FLZ",42.94111512,-77.03702997,"2012-05-01","2012-06-01","2012"
"Heather_Lee_Grab_Fragaria_ananassa_USA_2012","KP",42.44328974,-76.54027031,"2012-05-01","2012-06-01","2012"
"Heather_Lee_Grab_Fragaria_ananassa_USA_2012","REV",43.16113043,-76.42957942,"2012-05-01","2012-06-01","2012"
"Heather_Lee_Grab_Fragaria_ananassa_USA_2012","SLD",42.55116895,-76.67797987,"2012-05-01","2012-06-01","2012"
"Heather_Lee_Grab_Fragaria_ananassa_USA_2012","WH",42.44437963,-76.53563725,"2012-05-01","2012-06-01","2012"
"Jeroen_Scheper_Helianthus_annuus_France_2015","SF5",46.2001747971646,-0.447052474402227,"2015-07-01","2015-07-01","2015"
"Johan_Ekroos_Vicia_faba_Sweden_2016","M16814",55.55271,13.971499,"2016-06-01","2016-07-01","2016"
"Johan_Ekroos_Vicia_faba_Sweden_2016","M3398",55.387692,13.464477,"2016-06-01","2016-07-01","2016"
"Johan_Ekroos_Vicia_faba_Sweden_2016","M3655",55.390799,14.048841,"2016-06-01","2016-07-01","2016"
"Johan_Ekroos_Vicia_faba_Sweden_2016","M3801",55.494064,13.895544,"2016-06-01","2016-07-01","2016"
"Johan_Ekroos_Vicia_faba_Sweden_2016","M6625",55.885621,13.247477,"2016-06-01","2016-07-01","2016"
"Johan_Ekroos_Vicia_faba_Sweden_2016","M7056",55.758217,13.747599,"2016-06-01","2016-07-01","2016"
"Johan_Ekroos_Vicia_faba_Sweden_2016","M8377",55.900902,13.425308,"2016-06-01","2016-07-01","2016"
"Johan_Ekroos_Vicia_faba_Sweden_2016","M8762",55.826514,13.50833,"2016-06-01","2016-07-01","2016"
"Juliana_Hipolito_Coffea_arabica_Brazil_2013","O01",-13.5094442367554,-41.460277557373,"2013-10-01","2013-11-01","2013"
"Juliana_Hipolito_Coffea_arabica_Brazil_2013","O03",-13.4497222900391,-41.3047218322754,"2013-10-01","2013-11-01","2013"
"Juliana_Hipolito_Coffea_arabica_Brazil_2013","O04",-13.4138889312744,-41.3152770996094,"2013-10-01","2013-11-01","2013"
"Juliana_Hipolito_Coffea_arabica_Brazil_2013","O06",-13.3680553436279,-41.3347206115723,"2013-10-01","2013-11-01","2013"
"Juliana_Hipolito_Coffea_arabica_Brazil_2013","O08",-13.3613891601562,-41.3600006103516,"2013-10-01","2013-11-01","2013"
"Juliana_Hipolito_Coffea_arabica_Brazil_2013","O09",-13.352222442627,-41.3211097717285,"2013-10-01","2013-11-01","2013"
"Juliana_Hipolito_Coffea_arabica_Brazil_2013","O11",-13.3919448852539,-41.2900009155273,"2013-10-01","2013-11-01","2013"
"Juliana_Hipolito_Coffea_arabica_Brazil_2013","O12",-13.3613891601562,-41.2922210693359,"2013-10-01","2013-11-01","2013"
"Juliana_Hipolito_Coffea_arabica_Brazil_2013","O14",-13.3216667175293,-41.2983322143555,"2013-10-01","2013-11-01","2013"
"Juliana_Hipolito_Coffea_arabica_Brazil_2013","O16",-13.1347217559814,-41.3891677856445,"2013-10-01","2013-11-01","2013"
"Juliana_Hipolito_Coffea_arabica_Brazil_2013","O17",-13.1774997711182,-41.353889465332,"2013-10-01","2013-11-01","2013"
"Juliana_Hipolito_Coffea_arabica_Brazil_2013","O18",-13.1483335494995,-41.3691673278809,"2013-10-01","2013-11-01","2013"
"Juliana_Hipolito_Coffea_arabica_Brazil_2014","O01",-13.5094442367554,-41.460277557373,"2014-10-01","2014-12-01","2014"
"Juliana_Hipolito_Coffea_arabica_Brazil_2014","O03",-13.4497222900391,-41.3047218322754,"2014-10-01","2014-12-01","2014"
"Juliana_Hipolito_Coffea_arabica_Brazil_2014","O04",-13.4138889312744,-41.3152770996094,"2014-10-01","2014-12-01","2014"
"Juliana_Hipolito_Coffea_arabica_Brazil_2014","O07",-13.3691672,-41.3285047,"2014-10-01","2014-12-01","2014"
"Juliana_Hipolito_Coffea_arabica_Brazil_2014","O08",-13.3613891601562,-41.3600006103516,"2014-10-01","2014-12-01","2014"
"Juliana_Hipolito_Coffea_arabica_Brazil_2014","O09",-13.352222442627,-41.3211097717285,"2014-10-01","2014-12-01","2014"
"Juliana_Hipolito_Coffea_arabica_Brazil_2014","O13",-13.3336629,-41.3591028,"2014-10-01","2014-12-01","2014"
"Juliana_Hipolito_Coffea_arabica_Brazil_2014","O14",-13.3216667175293,-41.2983322143555,"2014-10-01","2014-12-01","2014"
"Juliana_Hipolito_Coffea_arabica_Brazil_2014","O15",-13.3388612,-41.3839098,"2014-10-01","2014-12-01","2014"
"Juliana_Hipolito_Coffea_arabica_Brazil_2014","O16",-13.1347217559814,-41.3891677856445,"2014-10-01","2014-12-01","2014"
"Juliana_Hipolito_Coffea_arabica_Brazil_2014","O17",-13.1774997711182,-41.353889465332,"2014-10-01","2014-12-01","2014"
"Luisa_G_Carvalheiro_Mangifera_indica_South_Africa_2008","carv01_01",-24.432472,30.857639,"2008-01-01","2008-12-01","2008"
"Luisa_G_Carvalheiro_Mangifera_indica_South_Africa_2008","carv01_05",-24.415667,30.879194,"2008-01-01","2008-12-01","2008"
"Luisa_G_Carvalheiro_Mangifera_indica_South_Africa_2008","carv01_11",-24.420389,30.839889,"2008-01-01","2008-12-01","2008"
"Luisa_G_Carvalheiro_Mangifera_indica_South_Africa_2008","carv01_12",-24.395139,30.885556,"2008-01-01","2008-12-01","2008"
"Luisa_G_Carvalheiro_Mangifera_indica_South_Africa_2009","carv03_Bavaria_L_LA6",-24.40208,30.88431,"2009-01-01","2009-12-01","2009"
"Luisa_G_Carvalheiro_Mangifera_indica_South_Africa_2009","carv03_Bavaria_L_LB1",-24.40451,30.88588,"2009-01-01","2009-12-01","2009"
"Luisa_G_Carvalheiro_Mangifera_indica_South_Africa_2009","carv03_Bavaria_L_LD2",-24.39852,30.88431,"2009-01-01","2009-12-01","2009"
"Luisa_G_Carvalheiro_Mangifera_indica_South_Africa_2009","carv03_Bavaria_L_LE3/6",-24.39541,30.88529,"2009-01-01","2009-12-01","2009"
"Luisa_G_Carvalheiro_Mangifera_indica_South_Africa_2009","carv03_Moriah_A11",-24.431,30.85411,"2009-01-01","2009-12-01","2009"
"Luisa_G_Carvalheiro_Mangifera_indica_South_Africa_2009","carv03_Moriah_A24",-24.42757,30.85806,"2009-01-01","2009-12-01","2009"
"Luisa_G_Carvalheiro_Mangifera_indica_South_Africa_2009","carv03_Moriah_A7",-24.431,30.85272,"2009-01-01","2009-12-01","2009"
"Luisa_G_Carvalheiro_Mangifera_indica_South_Africa_2009","carv03_Moriah_B26",-24.43338,30.85272,"2009-01-01","2009-12-01","2009"
"Luisa_G_Carvalheiro_Mangifera_indica_South_Africa_2009","carv03_Moriah_B30",-24.43487,30.85165,"2009-01-01","2009-12-01","2009"
"Luisa_G_Carvalheiro_Mangifera_indica_South_Africa_2009","carv03_Moriah_B48",-24.43096,30.85091,"2009-01-01","2009-12-01","2009"
"Luisa_G_Carvalheiro_Mangifera_indica_South_Africa_2009","carv03_Moriah_B53/54",-24.43018,30.85016,"2009-01-01","2009-12-01","2009"
"Luisa_G_Carvalheiro_Mangifera_indica_South_Africa_2009","carv03_Moriah_C12",-24.42645,30.84431,"2009-01-01","2009-12-01","2009"
"Luisa_G_Carvalheiro_Mangifera_indica_South_Africa_2009","carv03_Moriah_C21",-24.42519,30.84606,"2009-01-01","2009-12-01","2009"
"Marcos_Minarro_Malus_domestica_Spain_2015","Sel01",43.5156,-5.34808,"2015-05-01","2015-05-01","2015"
"Marcos_Minarro_Malus_domestica_Spain_2015","Cam07",43.4526,-5.4831,"2015-05-01","2015-05-01","2015"
"Marcos_Minarro_Malus_domestica_Spain_2015","Mun24",43.3723,-5.75278,"2015-04-01","2015-05-01","2015"
"Marcos_Minarro_Malus_domestica_Spain_2016","Sel01",43.5168,-5.34763,"2016-06-01","2016-06-01","2016"
"Marcos_Minarro_Malus_domestica_Spain_2016","Cam07",43.4525,-5.48311,"2016-05-01","2016-05-01","2016"
"Marcos_Minarro_Malus_domestica_Spain_2016","Mun24",43.3726,-5.75248,"2016-05-01","2016-05-01","2016"
"Mark_Otieno_Cajanus_cajan_Kenya_2009","Athi 1A",-2.265475892,38.03752744,"2009-04-01","2009-06-01","2009"
"Mark_Otieno_Cajanus_cajan_Kenya_2009","Athi 1B",-2.241916522,38.04539321,"2009-04-01","2009-06-01","2009"
"Mark_Otieno_Cajanus_cajan_Kenya_2009","Chyulu 1A",-2.436369838,37.96366406,"2009-04-01","2009-06-01","2009"
"Mark_Otieno_Cajanus_cajan_Kenya_2009","Kala 1B",-2.360958537,37.88541203,"2009-04-01","2009-06-01","2009"
"Mark_Otieno_Cajanus_cajan_Kenya_2009","Kinyambu 1B",-2.482655666,37.99760656,"2009-04-01","2009-06-01","2009"
"Mia_Park_Malus_domestica_USA_2009","Hemlock02",42.357827,-76.511712,"2009-04-01","2009-05-01","2009"
"Mia_Park_Malus_domestica_USA_2009","WestHaven",42.445266,-76.536158,"2009-04-01","2009-05-01","2009"
"Mia_Park_Malus_domestica_USA_2011","Hemlock02",42.357827,-76.511712,"2011-04-01","2011-05-01","2011"
"Mia_Park_Malus_domestica_USA_2011","WestHaven",42.445266,-76.536158,"2011-04-01","2011-05-01","2011"
"Nicolas_J_Vereecken_Malus_domestica_Belgium_2019","Ballat",50.727846,5.73069,"2019-04-01","2019-04-01","2019"
"Nicolas_J_Vereecken_Malus_domestica_Belgium_2019","Bianca 18O",50.926274,4.945741,"2019-04-01","2019-04-01","2019"
"Nicolas_J_Vereecken_Malus_domestica_Belgium_2019","Bianca 21O",50.92741,5.024766,"2019-04-01","2019-04-01","2019"
"Nicolas_J_Vereecken_Malus_domestica_Belgium_2019","Gasi_malus_2019",50.687773,4.819197,"2019-04-01","2019-04-01","2019"
"Nicolas_J_Vereecken_Malus_domestica_Belgium_2019","Laduron",50.733162,5.786554,"2019-04-01","2019-04-01","2019"
"Nicolas_J_Vereecken_Malus_domestica_Belgium_2019","Pommeraie_2019",50.558067,4.708504,"2019-04-01","2019-04-01","2019"
"Nicolas_J_Vereecken_Malus_domestica_Belgium_2019","Vergers de Barry",50.58112,3.5445,"2019-04-01","2019-04-01","2019"
"Nicolas_J_Vereecken_Malus_domestica_France_2019","Bois de la Borde",47.557031,0.553025,"2019-04-01","2019-04-01","2019"
"Nicolas_J_Vereecken_Malus_domestica_France_2019","Ferme de Canon",49.0803,-0.09375,"2019-04-01","2019-04-01","2019"
"Nicolas_J_Vereecken_Malus_domestica_France_2019","Le Plessis",49.183461,3.059649,"2019-04-01","2019-04-01","2019"
"Nicolas_J_Vereecken_Malus_domestica_France_2019","Maillebois",46.115485,5.913749,"2019-04-01","2019-04-01","2019"
"Nicolas_J_Vereecken_Malus_domestica_France_2019","Traenheim",48.590605,7.477028,"2019-04-01","2019-04-01","2019"
"Nicolas_J_Vereecken_Malus_domestica_France_2019","Vergers Ohey",50.443185,5.121998,"2019-04-01","2019-04-01","2019"
"Nicolas_J_Vereecken_Malus_domestica_Belgium_2017","Gasi_2017",50.687784,4.819336,"2017-05-01","2017-07-01","2017"
"Nicolas_J_Vereecken_Malus_domestica_Belgium_2017","Penteville_2017",50.552216,4.653305,"2017-04-01","2017-08-01","2017"
"Nicolas_J_Vereecken_Malus_domestica_Belgium_2017","Pommeraie_2017",50.557979,4.707042,"2017-04-01","2017-08-01","2017"
"Nicolas_J_Vereecken_Vaccinium_corymbosum_Belgium_2017","Fredandberries",50.308921,5.883556,"2017-06-01","2017-06-01","2017"
"Nicolas_J_Vereecken_Vaccinium_corymbosum_Belgium_2017","P'tits Fruits d'Ici",50.57221,3.966101,"2017-04-01","2017-05-01","2017"
"Nicolas_J_Vereecken_Malus_domestica_Belgium_2016","Gasi_2016",50.684731,4.815881,"2016-03-01","2016-08-01","2016"
"Nicolas_J_Vereecken_Malus_domestica_Belgium_2016","Penteville_2016",50.551525,4.652258,"2016-04-01","2016-08-01","2016"
"Nicolas_J_Vereecken_Brassica_napus_Belgium_2019","Pirmez",50.342707,4.731325,"2019-05-01","2019-05-01","2019"
"Nicolas_J_Vereecken_Brassica_napus_Belgium_2019","Schiepers",50.553917,5.207083,"2019-05-01","2019-05-01","2019"
"Nicolas_J_Vereecken_Fragaria_x_ananassa_Belgium_2019","Coin_des_Champs",50.641649,4.577286,"2019-05-01","2019-05-01","2019"
"Nicolas_J_Vereecken_Fragaria_x_ananassa_Belgium_2019","Val-Notre-Dame",50.548723,5.21781,"2019-05-01","2019-05-01","2019"
"Nicolas_J_Vereecken_Pyrus_communis_Belgium_2019","Gasi_pyrus_2019",50.685186,4.814659,"2019-04-01","2019-04-01","2019"
"Nicolas_J_Vereecken_Pyrus_communis_Belgium_2019","Pommeraie_pyrus_2019",50.557463,4.70593,"2019-04-01","2019-04-01","2019"
"Rachael_Winfree_Citrullus_lanatus_USA_2008","anchor_run",40.2749,-74.9958,"2008-08-01","2008-08-01","2008"
"Rachael_Winfree_Citrullus_lanatus_USA_2008","branch",40.3847,-75.2616,"2008-07-01","2008-07-01","2008"
"Rachael_Winfree_Citrullus_lanatus_USA_2008","cherry_grove",40.3102,-74.7161,"2008-07-01","2008-07-01","2008"
"Rachael_Winfree_Citrullus_lanatus_USA_2008","kimberton",40.1436,-75.5831,"2008-07-01","2008-07-01","2008"
"Rachael_Winfree_Citrullus_lanatus_USA_2008","sankanac",40.1465,-75.6027,"2008-07-01","2008-07-01","2008"
"Rachael_Winfree_Citrullus_lanatus_USA_2008","watershed",40.3504,-74.7679,"2008-07-01","2008-07-01","2008"
"Rachael_Winfree_Citrullus_lanatus_USA_2010","anchor_run",40.275388,-74.997377,"2010-08-01","2010-08-01","2010"
"Rachael_Winfree_Citrullus_lanatus_USA_2010","branch",40.385047,-75.261215,"2010-07-01","2010-07-01","2010"
"Rachael_Winfree_Citrullus_lanatus_USA_2010","bridge",40.527283,-75.067753,"2010-07-01","2010-07-01","2010"
"Rachael_Winfree_Citrullus_lanatus_USA_2010","cherry_grove",40.310974,-74.715943,"2010-07-01","2010-07-01","2010"
"Rachael_Winfree_Citrullus_lanatus_USA_2010","sankanac",40.151131,-75.600248,"2010-07-01","2010-07-01","2010"
"Rachael_Winfree_Citrullus_lanatus_USA_2010","watershed",40.350815,-74.76637,"2010-07-01","2010-07-01","2010"
"Rachael_Winfree_Citrullus_lanatus_USA_2011","anchor_run",40.27597961,-74.99485973,"2011-07-01","2011-07-01","2011"
"Rachael_Winfree_Citrullus_lanatus_USA_2011","branch",40.38700725,-75.26350234,"2011-07-01","2011-07-01","2011"
"Rachael_Winfree_Citrullus_lanatus_USA_2011","bridge",40.52718049,-75.06815849,"2011-07-01","2011-07-01","2011"
"Rachael_Winfree_Citrullus_lanatus_USA_2011","cherry_grove",40.31052669,-74.71696506,"2011-07-01","2011-07-01","2011"
"Rachael_Winfree_Citrullus_lanatus_USA_2011","sankanac",40.1516642,-75.59961853,"2011-07-01","2011-07-01","2011"
"Rachael_Winfree_Citrullus_lanatus_USA_2011","watershed",40.35254504,-74.76483511,"2011-07-01","2011-07-01","2011"
"Rachael_Winfree_Citrullus_lanatus_USA_2012","anchor_run",40.27724,-74.99669,"2012-07-01","2012-07-01","2012"
"Rachael_Winfree_Citrullus_lanatus_USA_2012","branch",40.38629,-75.26111,"2012-07-01","2012-07-01","2012"
"Rachael_Winfree_Citrullus_lanatus_USA_2012","bridge",40.52696,-75.0678,"2012-06-01","2012-07-01","2012"
"Rachael_Winfree_Citrullus_lanatus_USA_2012","cherry_grove",40.30947,-74.71561,"2012-07-01","2012-08-01","2012"
"Rachael_Winfree_Citrullus_lanatus_USA_2012","sankanac",40.15194,-75.60048,"2012-07-01","2012-07-01","2012"
"Rachael_Winfree_Citrullus_lanatus_USA_2012","watershed",40.353,-74.76606,"2012-07-01","2012-07-01","2012"
"Rachel_Mallinger_Malus_domestica_USA_2012","mall01_CO",43.31,-89.417,"2012-04-01","2012-04-01","2012"
"Rachel_Mallinger_Malus_domestica_USA_2012","mall01_HO",43.87,-91.44,"2012-04-01","2012-04-01","2012"
"Rachel_Mallinger_Malus_domestica_USA_2012","mall01_MH",43.392,-89.92,"2012-04-01","2012-04-01","2012"
"Rachel_Mallinger_Malus_domestica_USA_2012","mall01_PB",43.193,-88.31,"2012-04-01","2012-04-01","2012"
"Rachel_Mallinger_Malus_domestica_USA_2012","mall01_QU",42.7259,-88.551149,"2012-04-01","2012-04-01","2012"
"Rachel_Mallinger_Malus_domestica_USA_2012","mall01_TR",43.134,-89.401,"2012-04-01","2012-04-01","2012"
"Rachel_Mallinger_Malus_domestica_USA_2013","mall01_CF",42.843,-89.953,"2013-05-01","2013-05-01","2013"
"Rachel_Mallinger_Malus_domestica_USA_2013","mall01_CO",43.31,-89.417,"2013-05-01","2013-05-01","2013"
"Rachel_Mallinger_Malus_domestica_USA_2013","mall01_GG",42.983089,-89.329,"2013-05-01","2013-05-01","2013"
"Rachel_Mallinger_Malus_domestica_USA_2013","mall01_HO",43.87,-91.44,"2013-05-01","2013-05-01","2013"
"Rachel_Mallinger_Malus_domestica_USA_2013","mall01_KLE",42.83233,-87.9772,"2013-05-01","2013-05-01","2013"
"Rachel_Mallinger_Malus_domestica_USA_2013","mall01_MH",43.392,-89.92,"2013-05-01","2013-05-01","2013"
"Rachel_Mallinger_Malus_domestica_USA_2013","mall01_PB",43.193,-88.31,"2013-05-01","2013-05-01","2013"
"Rachel_Mallinger_Malus_domestica_USA_2013","mall01_QU",42.7259,-88.551149,"2013-05-01","2013-05-01","2013"
"Smitha_Krishnan_Coffea_canephora_India_2014","kushal org",12.16945,76.00502,"2014-03-01","2014-03-01","2014"
"Smitha_Krishnan_Coffea_canephora_India_2014","bharath",12.27235,75.92194,"2014-02-01","2014-02-01","2014"
"Smitha_Krishnan_Coffea_canephora_India_2014","govindan",12.36488,75.83965,"2014-03-01","2014-03-01","2014"
"Smitha_Krishnan_Coffea_canephora_India_2014","hamsa",12.24645,75.78829,"2014-04-01","2014-04-01","2014"
"Smitha_Krishnan_Coffea_canephora_India_2014","vasanti",12.14675,75.94505,"2014-02-01","2014-02-01","2014"
"Smitha_Krishnan_Coffea_canephora_India_2014","uthaiah",12.12274,75.8537,"2014-03-01","2014-03-01","2014"
"Smitha_Krishnan_Coffea_canephora_India_2014","BBtC org",12.28536,75.91512,"2014-03-01","2014-03-01","2014"
"Smitha_Krishnan_Coffea_canephora_India_2014","karumbaiah",12.14531,75.9791,"2014-02-01","2014-02-01","2014"
"Smitha_Krishnan_Coffea_canephora_India_2014","muthanna",12.29617,75.89725,"2014-03-01","2014-03-01","2014"
"Virginie_Boreux_Malus_domestica_Germany_2015","bio1",47.7368104560112,9.32303161893743,"2015-01-01","2015-12-01","2015"
"Virginie_Boreux_Malus_domestica_Germany_2015","bio2",47.6768584757538,9.41047115210244,"2015-01-01","2015-12-01","2015"
"Virginie_Boreux_Malus_domestica_Germany_2015","bio3",47.6960214635373,9.4607998106858,"2015-01-01","2015-12-01","2015"
"Virginie_Boreux_Malus_domestica_Germany_2015","bio4",47.7867850826914,9.49638019987654,"2015-01-01","2015-12-01","2015"
"Virginie_Boreux_Malus_domestica_Germany_2015","bio5",47.7676966375335,9.44250810161693,"2015-01-01","2015-12-01","2015"
"Virginie_Boreux_Malus_domestica_Germany_2015","bio6",47.7679284427174,9.48956782149168,"2015-01-01","2015-12-01","2015"
"Virginie_Boreux_Malus_domestica_Germany_2015","bio7",47.8121775127822,9.15824303527739,"2015-01-01","2015-12-01","2015"
"Virginie_Boreux_Malus_domestica_Germany_2015","bio8",47.8042718594802,9.22160281598458,"2015-01-01","2015-12-01","2015"
"Virginie_Boreux_Malus_domestica_Germany_2015","bio9",47.7276170711447,9.57533818560954,"2015-01-01","2015-12-01","2015"
"Virginie_Boreux_Malus_domestica_Germany_2015","bio10",47.6673459833504,9.54680946498903,"2015-01-01","2015-12-01","2015"
"Virginie_Boreux_Malus_domestica_Germany_2015","bio11",47.6274892350598,9.5932054503026,"2015-01-01","2015-12-01","2015"
"Virginie_Boreux_Malus_domestica_Germany_2015","bio12",47.6060446858346,9.5504277628667,"2015-01-01","2015-12-01","2015"
"Virginie_Boreux_Malus_domestica_Germany_2015","bio13",47.6375423236828,9.64284255956335,"2015-01-01","2015-12-01","2015"
"Virginie_Boreux_Malus_domestica_Germany_2015","bio14",47.8284537567087,8.98288404887019,"2015-01-01","2015-12-01","2015"
"Virginie_Boreux_Malus_domestica_Germany_2015","bio15",47.8237972198572,9.03750209066106,"2015-01-01","2015-12-01","2015"
"Carlos_Zaragoza_Trello_Vicia_faba_Ecuador_2017","BQ1",-0.976966679096222,-78.5848007202148,"2017-07-01","2017-08-01","2017"
"Diego_Nabaes_Jodar_Apple_Argentina_2019","bp1",-38.998277,-67.954604,"2019-10-01","2019-10-01","2019"
"Diego_Nabaes_Jodar_Apple_Argentina_2019","bp13",-39.00361,-67.94514,"2019-10-01","2019-10-01","2019"
"Diego_Nabaes_Jodar_Apple_Argentina_2019","delimed",-38.8618,-68.105516,"2019-10-01","2019-10-01","2019"
"Diego_Nabaes_Jodar_Apple_Argentina_2019","delinor",-38.831463,-68.106899,"2019-10-01","2019-10-01","2019"
"Diego_Nabaes_Jodar_Apple_Argentina_2019","delisur",-38.88145,-68.080988,"2019-10-01","2019-10-01","2019"
"Diego_Nabaes_Jodar_Apple_Argentina_2019","lvallen",-39.038539,-67.772363,"2019-10-01","2019-10-01","2019"
"Diego_Nabaes_Jodar_Apple_Argentina_2019","lvch28",-38.532668,-68.448175,"2019-10-01","2019-10-01","2019"
"Diego_Nabaes_Jodar_Apple_Argentina_2019","lvch4",-38.53145,-68.459285,"2019-10-01","2019-10-01","2019"
"Diego_Nabaes_Jodar_Apple_Argentina_2019","pach",-38.648304,-68.26465,"2019-10-01","2019-10-01","2019"
"Diego_Nabaes_Jodar_Apple_Argentina_2019","ros109",-38.584916,-68.360212,"2019-10-01","2019-10-01","2019"
"Diego_Nabaes_Jodar_Apple_Argentina_2019","ros170",-38.59272,-68.351432,"2019-10-01","2019-10-01","2019"
"Diego_Nabaes_Jodar_Apple_Argentina_2019","ros25",-38.57938,-68.371475,"2019-10-01","2019-10-01","2019"
"Diego_Nabaes_Jodar_Apple_Argentina_2019","tec19",-38.539006,-68.460112,"2019-10-01","2019-10-01","2019"
"Diego_Nabaes_Jodar_Apple_Argentina_2019","tec20",-38.532339,-68.480652,"2019-10-01","2019-10-01","2019"
"Diego_Nabaes_Jodar_Apple_Argentina_2019","tec3",-38.628002,-68.27903,"2019-10-01","2019-10-01","2019"
"Diego_Nabaes_Jodar_Apple_Argentina_2019","vmanz",-38.675118,-68.224551,"2019-10-01","2019-10-01","2019"
"Dupont_redclover_Denmark_2008","Brushojgard_2008",56.4087552673392,10.1198346795792,"2008-07-01","2008-07-01","2008"
"Dupont_redclover_Denmark_2008","Braedstrup_2008",55.948581962524,9.64366586178405,"2008-07-01","2008-07-01","2008"
"Dupont_redclover_Denmark_2008","Frijsendalsvej, Sall_2008",56.2789580192022,9.84569705896529,"2008-07-01","2008-07-01","2008"
"Dupont_redclover_Denmark_2008","Galten_2008",56.1329281164457,9.95959168389954,"2008-07-01","2008-07-01","2008"
"Dupont_redclover_Denmark_2008","Gjern, Tingvejen_2008",56.1970362991484,9.72949827937521,"2008-07-01","2008-07-01","2008"
"Dupont_redclover_Denmark_2008","Hesselballe_2008",56.2640220357239,10.2645455454261,"2008-07-01","2008-07-01","2008"
"Dupont_redclover_Denmark_2008","Odense_2008",55.4312569332887,10.4567423740814,"2008-07-01","2008-07-01","2008"
"Dupont_redclover_Denmark_2008","Randers NO Syd_2008",56.4999192580371,10.074774847579,"2008-07-01","2008-07-01","2008"
"Dupont_redclover_Denmark_2008","Skejby_2008",56.2014058471345,10.1711366687495,"2008-07-01","2008-07-01","2008"
"Dupont_redclover_Denmark_2008","Vamdrup_2008",55.4163791450969,9.23785103432375,"2008-07-01","2008-07-01","2008"
"Dupont_redclover_Denmark_2008","Vester Skerninge, Amarksvej_2008",55.051539874864,10.4660608133478,"2008-07-01","2008-07-01","2008"
"Dupont_redclover_Denmark_2009","Braedstrup_2009",55.9516546445599,9.64371683847053,"2009-08-01","2009-08-01","2009"
"Dupont_redclover_Denmark_2009","Galten_2009",56.1368311149132,9.93926860240262,"2009-08-01","2009-08-01","2009"
"Dupont_redclover_Denmark_2009","Gjern, Blak_2009",56.1997017778184,9.67463627798065,"2009-07-01","2009-07-01","2009"
"Dupont_redclover_Denmark_2009","Gjern, Tingvejen_2009",56.2001088014947,9.7295565961768,"2009-06-01","2009-06-01","2009"
"Dupont_redclover_Denmark_2009","Hammel 1_2009",56.2789580192022,9.84569705896529,"2009-07-01","2009-07-01","2009"
"Dupont_redclover_Denmark_2009","Hammel 2_2009",56.2928585193325,9.86508538453536,"2009-07-01","2009-07-01","2009"
"Dupont_redclover_Denmark_2009","Horning_2009",56.0831878878951,10.0561852551629,"2009-07-01","2009-07-01","2009"
"Dupont_redclover_Denmark_2009","Nr. Aaby_2009",55.424533375932,9.85605242521262,"2009-07-01","2009-07-01","2009"
"Dupont_redclover_Denmark_2009","Odense_2009",55.4312569332887,10.4567423740814,"2009-07-01","2009-07-01","2009"
"Dupont_redclover_Denmark_2009","Randers NO Nord_2009",56.5122074861614,10.0751225693981,"2009-07-01","2009-07-01","2009"
"Dupont_redclover_Denmark_2009","Randers NO Syd_2009",56.4999192580371,10.074774847579,"2009-07-01","2009-07-01","2009"
"Dupont_redclover_Denmark_2009","Randers SO_2009",56.4027459363624,10.1046209105932,"2009-07-01","2009-07-01","2009"
"Dupont_redclover_Denmark_2009","Ringe_2009",55.2920481397125,10.5524170387281,"2009-07-01","2009-07-01","2009"
"Dupont_redclover_Denmark_2009","Ry_2009",56.0538640170978,9.78588241212469,"2009-06-01","2009-06-01","2009"
"Dupont_redclover_Denmark_2009","Skive_2009",56.5693828504499,8.87758706783352,"2009-07-01","2009-07-01","2009"
"Dupont_redclover_Denmark_2009","Vester Skerninge, Kohavevej_2009",55.0818349371757,10.4810179128541,"2009-07-01","2009-07-01","2009"
"Dupont_redclover_Denmark_2009","Viborg_2009",56.4436722105575,9.29155898533987,"2009-07-01","2009-07-01","2009"
